yourlist:M202103078471C63D39733769F8E060B506551E12189A18E,Human_P,Human_G,Length
A0FGR8,A0FGR8,ESYT2,921
O00165,O00165,HAX1,279
O00231,O00231,PSD11,422
O00232,O00232,PSD12,456
O00303,O00303,EIF3F,357
O00410,O00410,IPO5,1097
O00505,O00505,IMA4,521
O00567,O00567,NOP56,594
O00571,O00571,DDX3X,662
O00629,O00629,IMA3,521
O14735,O14735,CDIPT,213
O14744,O14744,ANM5,637
O14818,O14818,PSA7,248
O14828,O14828,SCAM3,347
O14979,O14979,HNRDL,420
O15027,O15027,SC16A,2357
O15287,O15287,FANCG,622
O15371,O15371,EIF3D,548
O43143,O43143,DHX15,795
O43242,O43242,PSMD3,534
O43390,O43390,HNRPR,633
O43823,O43823,AKAP8,692
O43852,O43852,CALU,315
O60506,O60506,HNRPQ,623
O60684,O60684,IMA7,536
O60716,O60716,CTND1,968
O60832,O60832,DKC1,514
O60884,O60884,DNJA2,412
O75190,O75190,DNJB6,326
O75419,O75419,CDC45,566
O75494,O75494,SRS10,262
O75533,O75533,SF3B1,1304
O75569,O75569,PRKRA,313
O75688,O75688,PPM1B,479
O76021,O76021,RL1D1,490
O95071,O95071,UBR5,2799
O95232,O95232,LC7L3,432
O95793,O95793,STAU1,577
O95816,O95816,BAG2,211
O95831,O95831,AIFM1,613
P02545,P02545,LMNA,664
P02795,P02795,MT2,61
P04792,P04792,HSPB1,205
P05141,P05141,ADT2,298
P06396,P06396,GELS,782
P06748,P06748,NPM,294
P07237,P07237,PDIA1,508
P07355,P07355,ANXA2,339
P07437,P07437,TBB5,444
P07900,P07900,HS90A,732
P07910,P07910,HNRPC,306
P08195,P08195,4F2,630
P08238,P08238,HS90B,724
P08579,P08579,RU2B,225
P08621,P08621,RU17,437
P08708,P08708,RS17,135
P08865,P08865,RSSA,295
P09012,P09012,SNRPA,282
P09651,P09651,ROA1,372
P0C0S8,P0C0S8,H2A1,130
P0DMV8,P0DMV8,HS71A,641
P10644,P10644,KAP0,381
P11021,P11021,BIP,654
P11142,P11142,HSP7C,646
P11387,P11387,TOP1,765
P11388,P11388,TOP2A,1531
P11940,P11940,PABP1,636
P12004,P12004,PCNA,261
P12236,P12236,ADT3,298
P13674,P13674,P4HA1,534
P14866,P14866,HNRPL,589
P16615,P16615,AT2A2,1042
P16989,P16989,YBOX3,372
P17612,P17612,KAPCA,351
P17844,P17844,DDX5,614
P18077,P18077,RL35A,110
P22626,P22626,ROA2,353
P23396,P23396,RS3,243
P24928,P24928,RPB1,1970
P25398,P25398,RS12,132
P25705,P25705,ATPA,553
P25789,P25789,PSA4,261
P26599,P26599,PTBP1,531
P29692,P29692,EF1D,281
P30153,P30153,2AAA,589
P30876,P30876,RPB2,1174
P31689,P31689,DNJA1,397
P31943,P31943,HNRH1,449
P31946,P31946,1433B,246
P33991,P33991,MCM4,863
P33993,P33993,MCM7,719
P35268,P35268,RL22,128
P35637,P35637,FUS,526
P35998,P35998,PRS7,433
P37108,P37108,SRP14,136
P38159,P38159,RBMX,391
P38646,P38646,GRP75,679
P39019,P39019,RS19,145
P40227,P40227,TCPZ,531
P42285,P42285,MTREX,1042
P42677,P42677,RS27,84
P43243,P43243,MATR3,847
P43307,P43307,SSRA,286
P46013,P46013,KI67,3256
P46087,P46087,NOP2,812
P46781,P46781,RS9,194
P46782,P46782,RS5,204
P46783,P46783,RS10,165
P48643,P48643,TCPE,541
P49411,P49411,EFTU,452
P50897,P50897,PPT1,306
P50991,P50991,TCPD,539
P51114,P51114,FXR1,621
P51116,P51116,FXR2,673
P51398,P51398,RT29,398
P51570,P51570,GALK1,392
P51617,P51617,IRAK1,712
P51648,P51648,AL3A2,485
P51665,P51665,PSMD7,324
P52292,P52292,IMA1,529
P52294,P52294,IMA5,538
P52597,P52597,HNRPF,415
P53007,P53007,TXTP,311
P53618,P53618,COPB,953
P53814,P53814,SMTN,917
P55072,P55072,TERA,806
P55084,P55084,ECHB,474
P60468,P60468,SC61B,96
P60709,P60709,ACTB,375
P60903,P60903,S10AA,97
P61247,P61247,RS3A,264
P61254,P61254,RL26,145
P61457,P61457,PHS,104
P61962,P61962,DCAF7,342
P61978,P61978,HNRPK,463
P62191,P62191,PRS4,440
P62195,P62195,PRS8,406
P62244,P62244,RS15A,130
P62263,P62263,RS14,151
P62269,P62269,RS18,152
P62277,P62277,RS13,151
P62280,P62280,RS11,158
P62314,P62314,SMD1,119
P62316,P62316,SMD2,118
P62318,P62318,SMD3,126
P62333,P62333,PRS10,389
P62701,P62701,RS4X,263
P62750,P62750,RL23A,156
P62753,P62753,RS6,249
P62807,P62807,H2B1C,126
P62829,P62829,RL23,140
P62841,P62841,RS15,145
P62847,P62847,RS24,133
P62899,P62899,RL31,125
P62917,P62917,RL8,257
P62979,P62979,RS27A,156
P63104,P63104,1433Z,245
P63167,P63167,DYL1,89
P67809,P67809,YBOX1,324
P68104,P68104,EF1A1,462
P68371,P68371,TBB4B,445
P78527,P78527,PRKDC,4128
P78559,P78559,MAP1A,2803
P82650,P82650,RT22,360
P82673,P82673,RT35,323
P82675,P82675,RT05,430
P82914,P82914,RT15,257
P82930,P82930,RT34,218
P82932,P82932,RT06,125
P82933,P82933,RT09,396
P84090,P84090,ERH,104
P84103,P84103,SRSF3,164
P98175,P98175,RBM10,930
Q00325,Q00325,MPCP,362
Q00577,Q00577,PURA,322
Q00587,Q00587,BORG5,391
Q00839,Q00839,HNRPU,825
Q01081,Q01081,U2AF1,240
Q07020,Q07020,RL18,188
Q07666,Q07666,KHDR1,443
Q07955,Q07955,SRSF1,248
Q08211,Q08211,DHX9,1270
Q09161,Q09161,NCBP1,790
Q12905,Q12905,ILF2,390
Q13151,Q13151,ROA0,305
Q13188,Q13188,STK3,491
Q13200,Q13200,PSMD2,908
Q13247,Q13247,SRSF6,344
Q13283,Q13283,G3BP1,466
Q13310,Q13310,PABP4,644
Q13435,Q13435,SF3B2,895
Q14203,Q14203,DCTN1,1278
Q14257,Q14257,RCN2,317
Q14315,Q14315,FLNC,2725
Q14318,Q14318,FKBP8,412
Q14498,Q14498,RBM39,530
Q14764,Q14764,MVP,893
Q14974,Q14974,IMB1,876
Q15008,Q15008,PSMD6,389
Q15020,Q15020,SART3,963
Q15293,Q15293,RCN1,331
Q15365,Q15365,PCBP1,356
Q15773,Q15773,MLF2,248
Q16576,Q16576,RBBP7,425
Q16875,Q16875,F263,520
Q16891,Q16891,MIC60,758
Q1KMD3,Q1KMD3,HNRL2,747
Q2TB90,Q2TB90,HKDC1,917
Q32MZ4,Q32MZ4,LRRF1,808
Q3KQU3,Q3KQU3,MA7D1,841
Q53H12,Q53H12,AGK,422
Q5H9R7,Q5H9R7,PP6R3,873
Q5SW79,Q5SW79,CE170,1584
Q6DN90,Q6DN90,IQEC1,963
Q6NZI2,Q6NZI2,CAVN1,390
Q6NZY4,Q6NZY4,ZCHC8,707
Q6P1J9,Q6P1J9,CDC73,531
Q6P2Q9,Q6P2Q9,PRP8,2335
Q6P3X3,Q6P3X3,TTC27,843
Q6PKG0,Q6PKG0,LARP1,1096
Q6R327,Q6R327,RICTR,1708
Q7Z3B4,Q7Z3B4,NUP54,507
Q7Z4H7,Q7Z4H7,HAUS6,955
Q86UE4,Q86UE4,LYRIC,582
Q8IX01,Q8IX01,SUGP2,1082
Q8IXM3,Q8IXM3,RM41,137
Q8N163,Q8N163,CCAR2,923
Q8N448,Q8N448,LNX2,690
Q92522,Q92522,H1X,213
Q92598,Q92598,HS105,858
Q92615,Q92615,LAR4B,738
Q92665,Q92665,RT31,395
Q92769,Q92769,HDAC2,488
Q92900,Q92900,RENT1,1129
Q92905,Q92905,CSN5,334
Q96CS3,Q96CS3,FAF2,445
Q96D09,Q96D09,GASP2,838
Q96EY1,Q96EY1,DNJA3,480
Q96EY7,Q96EY7,PTCD3,689
Q96KR1,Q96KR1,ZFR,1074
Q96TA2,Q96TA2,YMEL1,773
Q99417,Q99417,MYCBP,103
Q99460,Q99460,PSMD1,953
Q99575,Q99575,POP1,1024
Q99615,Q99615,DNJC7,494
Q99832,Q99832,TCPH,543
Q9BQ70,Q9BQ70,TCF25,676
Q9BQA1,Q9BQA1,MEP50,342
Q9BRK5,Q9BRK5,CAB45,362
Q9BXW9,Q9BXW9,FACD2,1451
Q9BYN8,Q9BYN8,RT26,205
Q9C0C7,Q9C0C7,AMRA1,1298
Q9H2U1,Q9H2U1,DHX36,1008
Q9H936,Q9H936,GHC1,323
Q9HCE1,Q9HCE1,MOV10,1003
Q9NNW5,Q9NNW5,WDR6,1121
Q9NR30,Q9NR30,DDX21,783
Q9NTJ3,Q9NTJ3,SMC4,1288
Q9NVI1,Q9NVI1,FANCI,1328
Q9NVI7,Q9NVI7,ATD3A,634
Q9NVP1,Q9NVP1,DDX18,670
Q9NWB1,Q9NWB1,RFOX1,397
Q9NZB2,Q9NZB2,F120A,1118
Q9P035,Q9P035,HACD3,362
Q9P2F8,Q9P2F8,SI1L2,1722
Q9UJC3,Q9UJC3,HOOK1,728
Q9UL15,Q9UL15,BAG5,447
Q9ULX6,Q9ULX6,AKP8L,646
Q9UN86,Q9UN86,G3BP2,482
Q9UNE7,Q9UNE7,CHIP,303
Q9UNM6,Q9UNM6,PSD13,376
Q9Y224,Q9Y224,RTRAF,244
Q9Y262,Q9Y262,EIF3L,564
Q9Y2Q9,Q9Y2Q9,RT28,187
Q9Y2R9,Q9Y2R9,RT07,242
Q9Y2X3,Q9Y2X3,NOP58,529
Q9Y2X9,Q9Y2X9,ZN281,895
Q9Y383,Q9Y383,LC7L2,392
Q9Y399,Q9Y399,RT02,296
Q9Y3D9,Q9Y3D9,RT23,190
Q9Y3U8,Q9Y3U8,RL36,105
Q9Y3Z3,Q9Y3Z3,SAMH1,626
Q9Y4W2,Q9Y4W2,LAS1L,734
Q9Y5A9,Q9Y5A9,YTHD2,579
Q9Y5V3,Q9Y5V3,MAGD1,778
Q9Y676,Q9Y676,RT18B,258
Q9Y6M1,Q9Y6M1,IF2B2,599
Q9Y6N5,Q9Y6N5,SQOR,450
Q9C0D3,Q9C0D3,ZY11B,744
Q15370,Q15370,ELOB,118
Q15369,Q15369,ELOC,112
P62877,P62877,RBX1,108
Q9Y5J9,Q9Y5J9,TIM8B,83
Q9BU02,Q9BU02,THTPA,230
Q13617,Q13617,CUL2,745
P57678,P57678,GEMI4,1058
P53621,P53621,COPA,1224
O43592,O43592,XPOT,962
P12268,P12268,IMDH2,514
P05023,P05023,AT1A1,1023
Q9UBF2,Q9UBF2,COPG2,871
O14980,O14980,XPO1,1071
O95347,O95347,SMC2,1197
O15260,O15260,SURF4,269
O94905,O94905,ERLN2,339
P27824,P27824,CALX,592
P39656,P39656,OST48,456
P57088,P57088,TMM33,247
O75347,O75347,TBCA,108
Q9UM54,Q9UM54,MYO6,1294
O43795,O43795,MYO1B,1136
P61158,P61158,ARP3,418
P24468,P24468,COT2,414
Q14165,Q14165,MLEC,292
P56270,P56270,MAZ,477
P85037,P85037,FOXK1,733
Q5VV42,Q5VV42,CDKAL,579
Q8N4V1,Q8N4V1,EMC5,131
Q9P0T4,Q9P0T4,ZN581,197
Q9BQB6,Q9BQB6,VKOR1,163
Q99805,Q99805,TM9S2,663
Q9BVV7,Q9BVV7,TIM21,248
Q8TCJ2,Q8TCJ2,STT3B,826
Q92504,Q92504,S39A7,469
Q99942,Q99942,RNF5,180
Q96AA3,Q96AA3,RFT1,541
Q8NC67,Q8NC67,NETO2,525
Q9H0U3,Q9H0U3,MAGT1,335
P36776,P36776,LONM,959
Q96MM7,Q96MM7,H6ST2,605
Q15011,Q15011,HERP1,391
Q7L5D6,Q7L5D6,GET4,327
O75477,O75477,ERLN1,348
Q9ULG6,Q9ULG6,CCPG1,757
Q9BYF1,Q9BYF1,ACE2,805
P14635,P14635,CCNB1,433
Q9H2X3,Q9H2X3,CLC4M,399
Q9NNX6,Q9NNX6,CD209,404
P29120,P29120,NEC1,753
Q9Y5Y6,Q9Y5Y6,ST14,855
P07858,P07858,CATB,339
P07711,P07711,CATL1,333
Q8IUN9,Q8IUN9,CLC10,316
Q96LC7,Q96LC7,SIG10,697
Q9C0B5,Q9C0B5,ZDHC5,715
Q7Z5G4,Q7Z5G4,GOGA7,137
Q96N67,Q96N67,DOCK7,2140
P63244,P63244,RACK1,317
P07195,P07195,LDHB,334
P60660,P60660,MYL6,151
P47756,P47756,CAPZB,277
P52907,P52907,CAZA1,286
Q9NYL9,Q9NYL9,TMOD3,352
P13797,P13797,PLST,630
Q9ULV4,Q9ULV4,COR1C,474
P59998,P59998,ARPC4,168
P35613,P35613,BASI,385
Q01523,Q01523,DEF5,94
P09958,P09958,FURIN,794
P20138,P20138,CD33,364
Q9Y336,Q9Y336,SIGL9,463
Q96D42,Q96D42,HAVR1,364
Q9Y673,Q9Y673,ALG5,324
Q9UH99,Q9UH99,SUN2,717
Q9H270,Q9H270,VPS11,941
Q96S66,Q96S66,CLCC1,551
Q96JC1,Q96JC1,VPS39,886
Q8N6S5,Q8N6S5,AR6P6,226
Q8IWR1,Q8IWR1,TRI59,403
P09601,P09601,HMOX1,288
P40939,P40939,ECHA,763
P22314,P22314,UBA1,1058
P04406,P04406,G3P,335
Q8IXB1,Q8IXB1,DJC10,793
O95757,O95757,HS74L,839
P46379,P46379,BAG6,1132
O75746,O75746,CMC1,678
P11586,P11586,C1TC,935
Q9NZ01,Q9NZ01,TECR,308
Q9NZM1,Q9NZM1,MYOF,2061
Q9NV58,Q9NV58,RN19A,838
Q86VZ4,Q86VZ4,LRP11,500
P78552,P78552,I13R1,427
O95297,O95297,MPZL1,269
Q9UP95,Q9UP95,S12A4,1085
Q9UIW2,Q9UIW2,PLXA1,1896
Q9NZU5,Q9NZU5,LMCD1,365
Q96PD2,Q96PD2,DCBD2,775
Q8WUA8,Q8WUA8,TSK,353
Q8IY22,Q8IY22,CMIP,773
Q6PJG9,Q6PJG9,LRFN4,635
Q14574,Q14574,DSC3,896
P54868,P54868,HMCS2,508
P53004,P53004,BIEA,296
P10586,P10586,PTPRF,1907
O43291,O43291,SPIT2,252
O00238,O00238,BMR1B,502
Q9Y6R1,Q9Y6R1,S4A4,1079
Q9Y6M5,Q9Y6M5,ZNT1,507
Q9Y6D0,Q9Y6D0,SELK,94
Q9Y666,Q9Y666,S12A7,1083
Q9Y617,Q9Y617,SERC,370
Q9Y5I4,Q9Y5I4,PCDC2,1007
Q9Y561,Q9Y561,LRP12,859
Q9Y4P3,Q9Y4P3,TBL2,447
Q9Y4D7,Q9Y4D7,PLXD1,1925
Q9Y397,Q9Y397,ZDHC9,364
Q9Y2H0,Q9Y2H0,DLGP4,992
Q9Y2G1,Q9Y2G1,MYRF,1151
Q9Y287,Q9Y287,ITM2B,266
Q9UNN8,Q9UNN8,EPCR,238
Q9UN75,Q9UN75,PCDAC,941
Q9UN74,Q9UN74,PCDA4,947
Q9UN70,Q9UN70,PCDGK,934
Q9UMX0,Q9UMX0,UBQL1,589
Q9UM47,Q9UM47,NOTC3,2321
Q9ULT6,Q9ULT6,ZNRF3,936
Q9UL25,Q9UL25,RAB21,225
Q9UHW9,Q9UHW9,S12A6,1150
Q9UHN6,Q9UHN6,CEIP2,1383
Q9UGH3,Q9UGH3,S23A2,650
Q9UBN6,Q9UBN6,TR10D,386
Q9UBG0,Q9UBG0,MRC2,1479
Q9P253,Q9P253,VPS18,973
Q9P244,Q9P244,LRFN1,771
Q9NZV1,Q9NZV1,CRIM1,1036
Q9NZU0,Q9NZU0,FLRT3,649
Q9NV92,Q9NV92,NFIP2,336
Q9NUQ9,Q9NUQ9,CYRIB,324
Q9NSU2,Q9NSU2,TREX1,314
Q9NRX4,Q9NRX4,PHP14,125
Q9NRW7,Q9NRW7,VPS45,570
Q9NQX7,Q9NQX7,ITM2C,267
Q9NQS3,Q9NQS3,NECT3,549
Q9NPR2,Q9NPR2,SEM4B,837
Q9HC56,Q9HC56,PCDH9,1237
Q9HBJ8,Q9HBJ8,CLTRN,222
Q9H813,Q9H813,PACC1,350
Q9H4A4,Q9H4A4,AMPB,650
Q9H2G2,Q9H2G2,SLK,1235
Q9H269,Q9H269,VPS16,839
Q9H1Y3,Q9H1Y3,OPN3,402
Q9H0X4,Q9H0X4,F234A,552
Q9H0M0,Q9H0M0,WWP1,922
Q9GZP1,Q9GZP1,NRSN2,204
Q9C0C4,Q9C0C4,SEM4C,833
Q9BZG1,Q9BZG1,RAB34,259
Q9BYN0,Q9BYN0,SRXN1,137
Q9BY44,Q9BY44,EIF2A,585
Q9BVT8,Q9BVT8,TMUB1,246
Q9BTU6,Q9BTU6,P4K2A,479
Q9BT76,Q9BT76,UPK3B,320
Q9BT67,Q9BT67,NFIP1,221
Q99999,Q99999,G3ST1,423
Q99747,Q99747,SNAG,312
Q99685,Q99685,MGLL,303
Q99650,Q99650,OSMR,979
Q99426,Q99426,TBCB,244
Q96Q45,Q96Q45,TM237,408
Q96NT0,Q96NT0,CC115,180
Q96MC5,Q96MC5,MERB1,204
Q96LD4,Q96LD4,TRI47,638
Q96L92,Q96L92,SNX27,541
Q96KP4,Q96KP4,CNDP2,475
Q96J02,Q96J02,ITCH,903
Q96C19,Q96C19,EFHD2,240
Q96A54,Q96A54,PAQR1,375
Q969W9,Q969W9,PMEPA,287
Q92859,Q92859,NEO1,1461
Q92692,Q92692,NECT2,538
Q92597,Q92597,NDRG1,394
Q8WUM9,Q8WUM9,S20A1,679
Q8WTV0,Q8WTV0,SCRB1,552
Q8TCZ2,Q8TCZ2,C99L2,262
Q8TAT6,Q8TAT6,NPL4,608
Q8NHV4,Q8NHV4,NEDD1,660
Q8NHP6,Q8NHP6,MSPD2,518
Q8NFT2,Q8NFT2,STEA2,490
Q8NE01,Q8NE01,CNNM3,707
Q8NC54,Q8NC54,KCT2,265
Q8NC42,Q8NC42,RN149,400
Q8NBJ7,Q8NBJ7,SUMF2,301
Q8NB49,Q8NB49,AT11C,1132
Q8N614,Q8N614,TM156,296
Q8N4L2,Q8N4L2,PP4P2,257
Q8N1G4,Q8N1G4,LRC47,583
Q8IWT6,Q8IWT6,LRC8A,810
Q8IWK6,Q8IWK6,AGRA3,1321
Q8IUW5,Q8IUW5,RELL1,271
Q8IUR0,Q8IUR0,TPPC5,188
Q86Y82,Q86Y82,STX12,276
Q86XS8,Q86XS8,GOLI,419
Q86X29,Q86X29,LSR,649
Q86VS8,Q86VS8,HOOK3,718
Q86VP1,Q86VP1,TAXB1,789
Q86SJ2,Q86SJ2,AMGO2,522
Q7Z4F1,Q7Z4F1,LRP10,713
Q7L1W4,Q7L1W4,LRC8D,858
Q6UXM1,Q6UXM1,LRIG3,1119
Q6U841,Q6U841,S4A10,1118
Q6PJF5,Q6PJF5,RHDF2,856
Q6PIU2,Q6PIU2,NCEH1,408
Q6P9B6,Q6P9B6,MEAK7,456
Q6NZ63,Q6NZ63,STEAL,245
Q6ICG6,Q6ICG6,K0930,404
Q658P3,Q658P3,STEA3,488
Q5W0Z9,Q5W0Z9,ZDH20,365
Q5VW32,Q5VW32,BROX,411
Q5VV43,Q5VV43,K0319,1072
Q58FF6,Q58FF6,H90B4,505
Q4KMQ2,Q4KMQ2,ANO6,910
Q3MIR4,Q3MIR4,CC50B,351
Q3LXA3,Q3LXA3,TKFC,575
Q30201,Q30201,HFE,348
Q29983,Q29983,MICA,383
Q16739,Q16739,CEGT,394
Q16719,Q16719,KYNU,465
Q16658,Q16658,FSCN1,493
Q15904,Q15904,VAS1,470
Q15836,Q15836,VAMP3,100
Q15813,Q15813,TBCE,527
Q15691,Q15691,MARE1,268
Q15382,Q15382,RHEB,184
Q15257,Q15257,PTPA,358
Q15181,Q15181,IPYR,289
Q15075,Q15075,EEA1,1411
Q15036,Q15036,SNX17,470
Q15025,Q15025,TNIP1,636
Q14914,Q14914,PTGR1,329
Q14789,Q14789,GOGB1,3259
Q14596,Q14596,NBR1,966
Q14344,Q14344,GNA13,377
Q14114,Q14114,LRP8,963
Q14019,Q14019,COTL1,142
Q13873,Q13873,BMPR2,1038
Q13772,Q13772,NCOA4,614
Q13641,Q13641,TPBG,420
Q13637,Q13637,RAB32,225
Q13636,Q13636,RAB31,194
Q13596,Q13596,SNX1,522
Q13443,Q13443,ADAM9,819
Q13332,Q13332,PTPRS,1948
Q13145,Q13145,BAMBI,260
Q12959,Q12959,DLG1,904
Q12913,Q12913,PTPRJ,1337
Q12907,Q12907,LMAN2,356
Q12864,Q12864,CAD17,832
Q12846,Q12846,STX4,297
Q08345,Q08345,DDR1,913
Q08334,Q08334,I10R2,325
Q06124,Q06124,PTN11,593
Q05639,Q05639,EF1A2,463
Q04941,Q04941,PLP2,152
Q04771,Q04771,ACVR1,509
Q04760,Q04760,LGUL,184
Q04721,Q04721,NOTC2,2471
Q02297,Q02297,NRG1,640
Q01973,Q01973,ROR1,937
Q01518,Q01518,CAP1,475
Q00688,Q00688,FKBP3,224
P78536,P78536,ADA17,824
P63027,P63027,VAMP2,116
P62942,P62942,FKB1A,108
P62820,P62820,RAB1A,205
P62745,P62745,RHOB,196
P61769,P61769,B2MG,119
P61106,P61106,RAB14,215
P61020,P61020,RAB5B,215
P61019,P61019,RAB2A,212
P61006,P61006,RAB8A,207
P60880,P60880,SNP25,206
P60520,P60520,GBRL2,117
P58546,P58546,MTPN,118
P56749,P56749,CLD12,244
P54920,P54920,SNAA,295
P54753,P54753,EPHB3,998
P54710,P54710,ATNG,66
P52788,P52788,SPSY,366
P51809,P51809,VAMP7,220
P51798,P51798,CLCN7,805
P51511,P51511,MMP15,669
P51153,P51153,RAB13,203
P51151,P51151,RAB9A,201
P51149,P51149,RAB7A,207
P50895,P50895,BCAM,628
P50851,P50851,LRBA,2863
P50443,P50443,S26A2,739
P50148,P50148,GNAQ,359
P49840,P49840,GSK3A,483
P49773,P49773,HINT1,126
P49754,P49754,VPS41,854
P48960,P48960,AGRE5,835
P48723,P48723,HSP13,471
P48506,P48506,GSH1,637
P48449,P48449,LSS,732
P46531,P46531,NOTC1,2555
P45877,P45877,PPIC,212
P42892,P42892,ECE1,770
P41273,P41273,TNFL9,254
P41227,P41227,NAA10,235
P40925,P40925,MDHC,334
P40818,P40818,UBP8,1118
P40189,P40189,IL6RB,918
P37235,P37235,HPCL1,193
P37173,P37173,TGFR2,567
P36897,P36897,TGFR1,503
P36896,P36896,ACV1B,505
P36894,P36894,BMR1A,532
P36871,P36871,PGM1,562
P31641,P31641,SC6A6,620
P30622,P30622,CLIP1,1438
P30530,P30530,UFO,894
P30519,P30519,HMOX2,316
P30046,P30046,DOPD,118
P29353,P29353,SHC1,583
P29323,P29323,EPHB2,1055
P29317,P29317,EPHA2,976
P28907,P28907,CD38,300
P28827,P28827,PTPRM,1452
P27037,P27037,AVR2A,513
P26038,P26038,MOES,577
P23919,P23919,KTHY,212
P23634,P23634,AT2B4,1241
P23229,P23229,ITA6,1130
P21399,P21399,ACOC,889
P20339,P20339,RAB5A,215
P19440,P19440,GGT1,569
P19438,P19438,TNR1A,455
P18433,P18433,PTPRA,802
P17931,P17931,LEG3,250
P17693,P17693,HLAG,338
P16422,P16422,EPCAM,314
P16152,P16152,CBR1,277
P16070,P16070,CD44,742
P15313,P15313,VATB1,513
P15311,P15311,EZRI,586
P15260,P15260,INGR1,489
P15151,P15151,PVR,417
P15121,P15121,ALDR,316
P14550,P14550,AK1A1,325
P14314,P14314,GLU2B,528
P14209,P14209,CD99,185
P13747,P13747,HLAE,358
P13164,P13164,IFM1,125
P11908,P11908,PRPS2,318
P11717,P11717,MPRI,2491
P11362,P11362,FGFR1,822
P10909,P10909,CLUS,449
P10321,P10321,HLAC,366
P0DMM9,P0DMM9,ST1A3,295
P0DI83,P0DI83,NARR,198
P09936,P09936,UCHL1,223
P08758,P08758,ANXA5,320
P08581,P08581,MET,1390
P08133,P08133,ANXA6,673
P06744,P06744,G6PI,558
P04920,P04920,B3A2,1241
"P30459,P04439",P04439,HLAA,365
P01130,P01130,LDLR,860
P00167,P00167,CYB5,134
O95716,O95716,RAB3D,219
O95395,O95395,GCNT3,438
O95361,O95361,TRI16,564
O95164,O95164,UBL3,117
O75976,O75976,CBPD,1380
O75886,O75886,STAM2,525
O75874,O75874,IDHC,414
O75674,O75674,TM1L1,476
O75534,O75534,CSDE1,798
O75509,O75509,TNR21,655
O75436,O75436,VP26A,327
O75325,O75325,LRRN2,713
O75309,O75309,CAD16,829
O75121,O75121,MFA3L,409
O60941,O60941,DTNB,627
O60749,O60749,SNX2,519
O60503,O60503,ADCY9,1353
O60499,O60499,STX10,249
O60462,O60462,NRP2,931
O60291,O60291,MGRN1,552
O60271,O60271,JIP4,1321
O43865,O43865,SAHH2,530
O43752,O43752,STX6,255
O43570,O43570,CAH12,354
O43556,O43556,SGCE,437
O43520,O43520,AT8B1,1251
O43493,O43493,TGON2,437
O43488,O43488,ARK72,359
O43306,O43306,ADCY6,1168
O15403,O15403,MOT7,523
O15400,O15400,STX7,261
O15305,O15305,PMM2,246
O14763,O14763,TR10B,440
O14657,O14657,TOR1B,336
O14656,O14656,TOR1A,332
O00308,O00308,WWP2,870
O00220,O00220,TR10A,468
O00186,O00186,STXB3,592
O00151,O00151,PDLI1,329
B7ZAP0,B7ZAP0,RBG10,253
A0MZ66,A0MZ66,SHOT1,631
P36941,P36941,TNR3,435
O00459,O00459,P85B,728
O00487,O00487,PSDE,310
O14641,O14641,DVL2,736
O14654,O14654,IRS4,1257
O15226,O15226,NKRF,690
O15269,O15269,SPTC1,473
O15294,O15294,OGT1,1046
O95573,O95573,ACSL3,720
O95639,O95639,CPSF4,269
P01889,P01889,HLAB,362
P04843,P04843,RPN1,607
P05386,P05386,RLA1,114
P05387,P05387,RLA2,115
P05388,P05388,RLA0,317
P06576,P06576,ATPB,529
P06733,P06733,ENOA,434
P14625,P14625,ENPL,803
P15880,P15880,RS2,293
P17987,P17987,TCPA,556
P18124,P18124,RL7,248
P18583,P18583,SON,2426
P18621,P18621,RL17,184
P19338,P19338,NUCL,710
P23458,P23458,JAK1,1154
P26373,P26373,RL13,211
P26641,P26641,EF1G,437
P27348,P27348,1433T,245
P27986,P27986,P85A,724
P30050,P30050,RL12,165
P34932,P34932,HSP74,840
P35606,P35606,COPB2,906
P36578,P36578,RL4,427
P39023,P39023,RL3,403
P40429,P40429,RL13A,203
P40938,P40938,RFC3,356
P42766,P42766,RL35,123
P43686,P43686,PRS6B,418
P45984,P45984,MK09,424
P46778,P46778,RL21,160
P46779,P46779,RL28,137
P46977,P46977,STT3A,705
P49368,P49368,TCPG,545
P49458,P49458,SRP09,86
P49755,P49755,TMEDA,219
P50402,P50402,EMD,254
P50914,P50914,RL14,215
P50990,P50990,TCPQ,548
P51991,P51991,ROA3,378
P52272,P52272,HNRPM,730
P55265,P55265,DSRAD,1226
P60866,P60866,RS20,119
P61313,P61313,RL15,204
P61353,P61353,RL27,136
P62241,P62241,RS8,208
P62249,P62249,RS16,146
P62258,P62258,1433E,255
P62266,P62266,RS23,143
P62424,P62424,RL7A,266
P62805,P62805,H4,103
P62851,P62851,RS25,125
P83731,P83731,RL24,157
P84098,P84098,RL19,196
Q00610,Q00610,CLH1,1675
Q01813,Q01813,PFKAP,784
Q02878,Q02878,RL6,288
Q09666,Q09666,AHNK,5890
Q10570,Q10570,CPSF1,1443
Q12906,Q12906,ILF3,894
Q14103,Q14103,HNRPD,355
Q14160,Q14160,SCRIB,1630
Q14697,Q14697,GANAB,944
Q15046,Q15046,SYK,597
Q15366,Q15366,PCBP2,365
Q15633,Q15633,TRBP2,366
Q15717,Q15717,ELAV1,326
Q3ZCQ8,Q3ZCQ8,TIM50,353
Q49A26,Q49A26,GLYR1,553
Q5JVF3,Q5JVF3,PCID2,399
Q5SRD1,Q5SRD1,TI23B,188
Q6UN15,Q6UN15,FIP1,594
Q86U42,Q86U42,PABP2,306
Q86UA1,Q86UA1,PRP39,669
Q8NC51,Q8NC51,PAIRB,408
Q8NF37,Q8NF37,PCAT1,534
Q8TCU4,Q8TCU4,ALMS1,4168
Q8WVX9,Q8WVX9,FACR1,515
Q92499,Q92499,DDX1,740
Q92569,Q92569,P55G,461
Q92621,Q92621,NU205,2012
Q96A33,Q96A33,CCD47,483
Q96SI9,Q96SI9,STRBP,672
Q99729,Q99729,ROAA,332
Q9BUJ2,Q9BUJ2,HNRL1,856
Q9NRN7,Q9NRN7,ADPPT,309
Q9NUL3,Q9NUL3,STAU2,570
Q9NXS2,Q9NXS2,QPCTL,382
Q9NYF8,Q9NYF8,BCLF1,920
Q9UBB4,Q9UBB4,ATX10,475
Q9UBM7,Q9UBM7,DHCR7,475
Q9UBS4,Q9UBS4,DJB11,358
Q9UBX3,Q9UBX3,DIC,287
Q9UQ35,Q9UQ35,SRRM2,2752
Q9Y265,Q9Y265,RUVB1,456
Q9Y3I0,Q9Y3I0,RTCB,505
Q8IWA5,Q8IWA5,CTL2,706
Q86VM9,Q86VM9,ZCH18,953
Q6UX04,Q6UX04,CWC27,472
P25440,P25440,BRD2,801
O60885,O60885,BRD4,1362
O00203,O00203,AP3B1,1094
Q9Y6E2,Q9Y6E2,BZW2,419
Q9Y312,Q9Y312,AAR2,384
Q9UDR5,Q9UDR5,AASS,926
Q9UBU6,Q9UBU6,FA8A1,413
Q9NQC3,Q9NQC3,RTN4,1192
Q9BW92,Q9BW92,SYTM,718
Q9BSJ2,Q9BSJ2,GCP2,902
Q9BQT8,Q9BQT8,ODC,299
Q96HW7,Q96HW7,INT4,963
Q96HR9,Q96HR9,REEP6,211
Q96ER3,Q96ER3,SAAL1,474
Q96D53,Q96D53,COQ8B,544
Q96CW5,Q96CW5,GCP3,907
Q8NEW0,Q8NEW0,ZNT7,376
Q7L8L6,Q7L8L6,FAKD5,764
Q6PML9,Q6PML9,ZNT9,568
Q5JRX3,Q5JRX3,PREP,1037
Q10713,Q10713,MPPA,525
Q00765,Q00765,REEP5,189
P48556,P48556,PSMD8,350
P38606,P38606,VATA,617
P38435,P38435,VKGC,758
P27105,P27105,STOM,288
P13804,P13804,ETFA,333
P11310,P11310,ACADM,421
P05026,P05026,AT1B1,303
O95070,O95070,YIF1A,293
O75439,O75439,MPPB,489
O15397,O15397,IPO8,1037
Q9H078,Q9H078,CLPB,707
O60762,O60762,DPM1,260
Q9UHI6,Q9UHI6,DDX20,824
P60900,P60900,PSA6,246
P55786,P55786,PSA,919
P00403,P00403,COX2,227
Q96HU1,Q96HU1,SGSM3,749
Q53HI1,Q53HI1,UNC50,259
Q03169,Q03169,TNAP2,654
P25686,P25686,DNJB2,324
P01031,P01031,CO5,1676
O94919,O94919,ENDD1,500
Q9Y6D6,Q9Y6D6,BIG1,1849
Q9Y6D5,Q9Y6D5,BIG2,1785
Q9Y6A1,Q9Y6A1,POMT1,747
Q9Y672,Q9Y672,ALG6,507
Q9Y5Y2,Q9Y5Y2,NUBP2,271
Q9Y487,Q9Y487,VPP2,856
Q9Y426,Q9Y426,C2CD2,696
Q9Y2W3,Q9Y2W3,S45A1,782
Q9UBQ6,Q9UBQ6,EXTL2,330
Q9NV66,Q9NV66,TYW1,732
Q9H9P8,Q9H9P8,L2HDH,463
Q9H7F0,Q9H7F0,AT133,1226
Q9H2U2,Q9H2U2,IPYR2,334
Q9H019,Q9H019,MFR1L,292
Q9C029,Q9C029,TRIM7,511
Q9BZD2,Q9BZD2,S29A3,475
Q9BXI2,Q9BXI2,ORNT2,301
Q99797,Q99797,MIPEP,713
Q96RQ1,Q96RQ1,ERGI2,377
Q96RL7,Q96RL7,VP13A,3174
Q96Q80,Q96Q80,DERL3,235
Q96NT5,Q96NT5,PCFT,459
Q96MT1,Q96MT1,RN145,663
Q96JI7,Q96JI7,SPTCS,2443
Q96JB5,Q96JB5,CK5P3,506
Q96I59,Q96I59,SYNM,477
Q96ED9,Q96ED9,HOOK2,719
Q96CM8,Q96CM8,ACSF2,615
Q96CB8,Q96CB8,INT12,462
Q969N2,Q969N2,PIGT,578
Q93084,Q93084,AT2A3,999
Q92820,Q92820,GGH,318
Q92791,Q92791,SC65,437
Q92538,Q92538,GBF1,1859
Q8WXA3,Q8WXA3,RUFY2,606
Q8WWC4,Q8WWC4,MAIP1,291
Q8NI22,Q8NI22,MCFD2,146
Q8NHH9,Q8NHH9,ATLA2,583
Q8NFQ8,Q8NFQ8,TOIP2,470
Q8NDA8,Q8NDA8,MROH1,1641
Q8NCN5,Q8NCN5,PDPR,879
Q8N5G2,Q8N5G2,MACOI,664
Q8N442,Q8N442,GUF1,669
Q8N2H3,Q8N2H3,PYRD2,581
Q8IZQ1,Q8IZQ1,WDFY3,3526
Q86UT6,Q86UT6,NLRX1,975
Q7Z4R8,Q7Z4R8,CF120,191
Q7Z3D6,Q7Z3D6,GLUCM,616
Q7Z3C6,Q7Z3C6,ATG9A,839
Q6UX65,Q6UX65,DRAM2,266
Q6UX53,Q6UX53,MET7B,244
Q6UB35,Q6UB35,C1TM,978
Q6SZW1,Q6SZW1,SARM1,724
Q6NT16,Q6NT16,S18B1,456
Q6IBW4,Q6IBW4,CNDH2,605
Q68DH5,Q68DH5,LMBD2,695
Q5T4D3,Q5T4D3,TMTC4,741
Q5T3U5,Q5T3U5,MRP7,1492
Q5SWX8,Q5SWX8,ODR4,454
Q5BJH7,Q5BJH7,YIF1B,314
Q58EX7,Q58EX7,PKHG4,1191
Q53H96,Q53H96,P5CR3,274
Q3MJ13,Q3MJ13,WDR72,1102
Q16585,Q16585,SGCB,318
Q16236,Q16236,NF2L2,605
Q15386,Q15386,UBE3C,1083
Q15054,Q15054,DPOD3,466
Q13608,Q13608,PEX6,980
Q13232,Q13232,NDK3,169
Q13021,Q13021,MALL,153
Q05932,Q05932,FOLC,587
Q03135,Q03135,CAV1,178
P98198,P98198,AT8B2,1209
P78545,P78545,ELF3,371
P54707,P54707,AT12A,1039
P51649,P51649,SSDH,535
P51636,P51636,CAV2,162
P49810,P49810,PSN2,448
P49590,P49590,SYHM,506
P49116,P49116,NR2C2,596
P45954,P45954,ACDSB,432
P42695,P42695,CNDD3,1498
P42126,P42126,ECI1,302
P35670,P35670,ATP7B,1465
P27144,P27144,KAD4,223
P24752,P24752,THIL,427
P19634,P19634,SL9A1,815
P16219,P16219,ACADS,412
P11498,P11498,PYC,1178
P08236,P08236,BGLR,651
P07093,P07093,GDN,398
P05166,P05166,PCCB,539
P05165,P05165,PCCA,728
O95864,O95864,FADS2,444
O95772,O95772,STR3N,234
O95299,O95299,NDUAA,355
O94829,O94829,IPO13,963
O94822,O94822,LTN1,1766
O94788,O94788,AL1A2,518
O76082,O76082,S22A5,557
O75841,O75841,UPK1B,260
O75448,O75448,MED24,989
O75306,O75306,NDUS2,463
O60674,O60674,JAK2,1132
O60318,O60318,GANP,1980
O43929,O43929,ORC4,436
O43826,O43826,G6PT1,429
O43251,O43251,RFOX2,390
O15374,O15374,MOT5,487
O15354,O15354,GPR37,613
O15063,O15063,GRRE1,1070
O00482,O00482,NR5A2,541
O00217,O00217,NDUS8,210
A6NFN3,A6NFN3,RFOX3,312
A4D1U4,A4D1U4,DEN11,455
O43707,O43707,ACTN4,911
O60783,O60783,RT14,128
O60812,O60812,HNRC1,293
O75127,O75127,PTCD1,700
O75616,O75616,ERAL1,437
O75934,O75934,SPF27,225
P09661,P09661,RU2A,255
P0CB38,P0CB38,PAB4L,370
P10412,P10412,H14,219
P22087,P22087,FBRL,321
P25205,P25205,MCM3,808
P27635,P27635,RL10,214
P33176,P33176,KINH,963
P47897,P47897,SYQ,775
P52815,P52815,RM12,198
P53396,P53396,ACLY,1101
P55884,P55884,EIF3B,814
P82663,P82663,RT25,173
P82912,P82912,RT11,194
Q02539,Q02539,H11,215
Q05519,Q05519,SRS11,484
Q13405,Q13405,RM49,166
Q13509,Q13509,TBB3,450
Q13595,Q13595,TRA2A,282
Q14152,Q14152,EIF3A,1382
Q16531,Q16531,DDB1,1140
Q16540,Q16540,RM23,153
Q2NL82,Q2NL82,TSR1,804
Q4G0J3,Q4G0J3,LARP7,582
Q659C4,Q659C4,LAR1B,914
Q6P2E9,Q6P2E9,EDC4,1401
Q7L2J0,Q7L2J0,MEPCE,689
Q8WV44,Q8WV44,TRI41,630
Q8WXA9,Q8WXA9,SREK1,508
Q92552,Q92552,RT27,414
Q96DV4,Q96DV4,RM38,380
Q9BVP2,Q9BVP2,GNL3,549
Q9BYD1,Q9BYD1,RM13,178
Q9BYD6,Q9BYD6,RM01,325
Q9BZE1,Q9BZE1,RM37,423
Q9C005,Q9C005,DPY30,99
Q9H0A0,Q9H0A0,NAT10,1025
Q9H814,Q9H814,PHAX,394
Q9HD33,Q9HD33,RM47,250
Q9NW13,Q9NW13,RBM28,759
Q9P015,Q9P015,RM15,296
Q9UKM9,Q9UKM9,RALY,306
Q9Y4R8,Q9Y4R8,TELO2,837
Q9Y678,Q9Y678,COPG1,874
Q9NZJ7,Q9NZJ7,MTCH1,389
P78406,P78406,RAE1L,368
P52948,P52948,NUP98,1817
P15924,P15924,DESP,2871
Q5T9A4,Q5T9A4,ATD3B,648
O75592,O75592,MYCB2,4678
Q13561,Q13561,DCTN2,401
Q9NU22,Q9NU22,MDN1,5596
Q7Z4Q2,Q7Z4Q2,HEAT3,680
Q13315,Q13315,ATM,3056
Q9H0H0,Q9H0H0,INT2,1204
Q6P9B9,Q6P9B9,INT5,1019
Q9UI26,Q9UI26,IPO11,975
Q9UI09,Q9UI09,NDUAC,145
Q9HD20,Q9HD20,AT131,1204
Q9HAV4,Q9HAV4,XPO5,1204
Q9H7D0,Q9H7D0,DOCK5,1870
Q9H6E5,Q9H6E5,STPAP,874
Q9H0V1,Q9H0V1,TM168,697
Q9BSE5,Q9BSE5,SPEB,352
Q96JJ3,Q96JJ3,ELMO2,720
Q96JB2,Q96JB2,COG3,828
Q8WTW3,Q8WTW3,COG1,980
Q8TB37,Q8TB37,NUBPL,319
Q8NCM8,Q8NCM8,DYHC2,4307
Q8N9R8,Q8N9R8,SCAI,606
Q8N201,Q8N201,INT1,2190
Q8N1F8,Q8N1F8,S11IP,1088
Q8N1F7,Q8N1F7,NUP93,819
Q86XI2,Q86XI2,CNDG2,1143
Q75QN2,Q75QN2,INT8,995
Q70CQ2,Q70CQ2,UBP34,3546
Q6YHU6,Q6YHU6,THADA,1953
Q63HN8,Q63HN8,RN213,5207
Q5UIP0,Q5UIP0,RIF1,2472
Q5SRE5,Q5SRE5,NU188,1749
Q53R41,Q53R41,FAKD1,847
Q29RF7,Q29RF7,PDS5A,1337
Q14746,Q14746,COG2,738
Q13535,Q13535,ATR,2644
P83436,P83436,COG7,770
P21359,P21359,NF1,2839
P04181,P04181,OAT,439
O95759,O95759,TBCD8,1140
O75063,O75063,XYLK,409
O60518,O60518,RNBP6,1105
O43156,O43156,TTI1,1089
O14981,O14981,BTAF1,1849
Q96IV0,Q96IV0,NGLY1,654
Q8N0Z8,Q8N0Z8,PUSL1,303
Q96AY3,Q96AY3,FKB10,582
Q9Y680,Q9Y680,FKBP7,222
Q9Y4L1,Q9Y4L1,HYOU1,999
Q9UHI8,Q9UHI8,ATS1,967
Q9P2E5,Q9P2E5,CHPF2,772
Q9NYU1,Q9NYU1,UGGG2,1516
Q9NXK8,Q9NXK8,FXL12,326
Q9H8W4,Q9H8W4,PKHF2,249
Q9H4F8,Q9H4F8,SMOC1,434
Q9H488,Q9H488,OFUT1,388
Q9H173,Q9H173,SIL1,461
Q9BZQ6,Q9BZQ6,EDEM3,932
Q9BS26,Q9BS26,ERP44,406
Q9BRN9,Q9BRN9,TM2D3,247
Q99988,Q99988,GDF15,308
Q99519,Q99519,NEUR1,415
Q99470,Q99470,SDF2,211
Q96F46,Q96F46,I17RA,866
Q96DZ1,Q96DZ1,ERLEC,483
Q8N766,Q8N766,EMC1,993
Q8IZ52,Q8IZ52,CHSS2,775
Q8IWF2,Q8IWF2,FXRD2,684
Q8IV08,Q8IV08,PLD3,490
Q86YB8,Q86YB8,ERO1B,467
Q7Z4H8,Q7Z4H8,PLGT3,507
Q6UW63,Q6UW63,PLGT2,502
Q15818,Q15818,NPTX1,432
Q13438,Q13438,OS9,667
Q08431,Q08431,MFGM,387
P61916,P61916,NPC2,151
P58166,P58166,INHBE,350
P29122,P29122,PCSK6,969
P28300,P28300,LYOX,417
P26358,P26358,DNMT1,1616
P12109,P12109,CO6A1,1028
P0C7P0,P0C7P0,CISD3,127
P05556,P05556,ITB1,798
P00750,P00750,TPA,562
O76061,O76061,STC2,302
O00469,O00469,PLOD2,737
Q5JWF2,Q5JWF2,GNAS1,1037
Q12789,Q12789,TF3C1,2109
Q7KZF4,Q7KZF4,SND1,910
Q02978,Q02978,M2OM,314
Q16706,Q16706,MA2A1,1144
Q9UHF1,Q9UHF1,EGFL7,273
Q96NU0,Q96NU0,CNT3B,1288
Q92187,Q92187,SIA8D,359
Q6NUS6,Q6NUS6,TECT3,607
Q15582,Q15582,BGH3,683
Q14766,Q14766,LTBP1,1721
P61812,P61812,TGFB2,414
P42830,P42830,CXCL5,114
P30990,P30990,NEUT,170
P30101,P30101,PDIA3,505
P26006,P26006,ITA3,1051
P22692,P22692,IBP4,258
P17936,P17936,IBP3,291
P07225,P07225,PROS,676
P05121,P05121,PAI1,402
P02675,P02675,FIBB,491
P02671,P02671,FIBA,866
P01137,P01137,TGFB1,390
P00749,P00749,UROK,431
O60613,O60613,15-Sep,165
Q96SB4,Q96SB4,SRPK1,655
P78362,P78362,SRPK2,688
Q8TAD8,Q8TAD8,SNIP1,396
Q8NCA5,Q8NCA5,FA98A,518
P67870,P67870,CSK2B,215
P19784,P19784,CSK22,350
O43818,O43818,U3IP2,475
P09622,P09622,DLDH,509
Q9Y264,Q9Y264,ANGP4,503
Q8WW12,Q8WW12,PCNP,178
Q04837,Q04837,SSBP,148
O95810,O95810,CAVN2,425
P61289,P61289,PSME3,254
Q53GL7,Q53GL7,PAR10,1025
O76064,O76064,RNF8,485
J3QS39,J3QS39,J3QS39,93
P05161,P05161,ISG15,165
Q9BYX4,Q9BYX4,IFIH1,1025
Q14181,Q14181,DPOA2,598
P49643,P49643,PRI2,509
P49642,P49642,PRI1,420
P09884,P09884,DPOLA,1462
Q99959,Q99959,PKP2,881
Q8NBJ5,Q8NBJ5,GT251,622
Q9HAV7,Q9HAV7,GRPE1,217
Q96CW1,Q96CW1,AP2M1,435
Q969X5,Q969X5,ERGI1,290
P55789,P55789,ALR,205
O94973,O94973,AP2A2,939
Q9HAU0,Q9HAU0,PKHA5,1116
Q9H2H8,Q9H2H8,PPIL3,161
Q99081,Q99081,HTF4,682
Q96IZ5,Q96IZ5,RBM41,413
Q8IWR0,Q8IWR0,Z3H7A,971
Q70EL1,Q70EL1,UBP54,1684
Q6UUV7,Q6UUV7,CRTC3,619
Q5VUA4,Q5VUA4,ZN318,2279
Q5T6F2,Q5T6F2,UBAP2,1119
Q5JSZ5,Q5JSZ5,PRC2B,2229
Q5EBL8,Q5EBL8,PDZ11,140
Q2T9J0,Q2T9J0,TYSD1,566
Q14157,Q14157,UBP2L,1087
Q13546,Q13546,RIPK1,671
O95391,O95391,SLU7,586
O14874,O14874,BCKD,412
A3KN83,A3KN83,SBNO1,1393
O14578,O14578,CTRO,2027
Q9Y2I6,Q9Y2I6,NINL,1382
Q9UHD2,Q9UHD2,TBK1,729
Q9BV73,Q9BV73,CP250,2442
Q9BV19,Q9BV19,CA050,199
Q9BQS8,Q9BQS8,FYCO1,1478
Q9BQQ3,Q9BQQ3,GORS1,440
Q99996,Q99996,AKAP9,3907
Q96SN8,Q96SN8,CK5P2,1893
Q96N16,Q96N16,JKIP1,626
Q96CN9,Q96CN9,GCC1,775
Q92995,Q92995,UBP13,863
Q8TD10,Q8TD10,MIPO1,442
Q8N8E3,Q8N8E3,CE112,955
Q8N4C6,Q8N4C6,NIN,2090
Q8N3C7,Q8N3C7,CLIP4,705
Q8IWJ2,Q8IWJ2,GCC2,1684
Q8IUD2,Q8IUD2,RB6I2,1116
Q7Z7A1,Q7Z7A1,CNTRL,2325
Q76N32,Q76N32,CEP68,757
Q66GS9,Q66GS9,CP135,1140
Q5VU43,Q5VU43,MYOME,2346
Q5VT06,Q5VT06,CE350,3117
Q4V328,Q4V328,GRAP1,841
Q08379,Q08379,GOGA2,1002
Q08378,Q08378,GOGA3,1498
Q08117,Q08117,TLE5,197
Q04726,Q04726,TLE3,772
Q04724,Q04724,TLE1,770
P49454,P49454,CENPF,3114
P35241,P35241,RADI,583
P31323,P31323,KAP3,418
P13861,P13861,KAP2,404
O95684,O95684,CEP43,399
O95613,O95613,PCNT,3336
O75506,O75506,HSBP1,76
A7MCY6,A7MCY6,TBKB1,615
Q9NXA8,Q9NXA8,SIR5,310
P06280,P06280,AGAL,429
P07203,P07203,GPX1,203
Q9NXH9,Q9NXH9,TRM1,659
Q99720,Q99720,SGMR1,223
O75964,O75964,ATP5L,103
Q8WVC6,Q8WVC6,DCAKD,231
Q9NP72,Q9NP72,RAB18,206
Q9H7Z7,Q9H7Z7,PGES2,377
Q9BQE4,Q9BQE4,SELS,189
Q96DA6,Q96DA6,TIM14,116
Q96A26,Q96A26,F162A,154
Q8WUY8,Q8WUY8,NAT14,206
Q8NBX0,Q8NBX0,SCPDL,429
Q8N183,Q8N183,NDUF2,169
Q7LGA3,Q7LGA3,HS2ST,356
Q6ZRP7,Q6ZRP7,QSOX2,698
Q5VT66,Q5VT66,1-Mar,337
Q5JTV8,Q5JTV8,TOIP1,583
Q13724,Q13724,MOGS,837
P63218,P63218,GBG5,68
P62873,P62873,GBB1,340
P61586,P61586,RHOA,193
P61026,P61026,RAB10,200
P51148,P51148,RAB5C,216
P21964,P21964,COMT,271
P11233,P11233,RALA,206
P00387,P00387,NB5R3,301
O43169,O43169,CYB5B,150
O00116,O00116,ADAS,658
Q9H4P4,Q9H4P4,RNF41,317
P62330,P62330,ARF6,175
P61970,P61970,NTF2,127
Q6Y7W6,Q6Y7W6,GGYF2,1299
Q5T1M5,Q5T1M5,FKB15,1219
Q2M389,Q2M389,WASC4,1173
P52306,P52306,GDS1,607
P16435,P16435,NCPR,677
O60573,O60573,IF4E2,245
O14975,O14975,S27A2,620
Q9Y5J7,Q9Y5J7,TIM9,89
Q9Y5J6,Q9Y5J6,T10B,103
Q9NVH1,Q9NVH1,DJC11,559
Q9BSF4,Q9BSF4,TIM29,260
Q8TEM1,Q8TEM1,PO210,1887
Q2TAA5,Q2TAA5,ALG11,492
P62072,P62072,TIM10,90
P14735,P14735,IDE,1019
Q9HD40,Q9HD40,SPCS,501
Q9BSC4,Q9BSC4,NOL10,688
Q13868,Q13868,EXOS2,293
Q9ULT8,Q9ULT8,HECD1,2610
Q9NY61,Q9NY61,AATF,560
Q9NQT5,Q9NQT5,EXOS3,275
Q9NQT4,Q9NQT4,EXOS5,235
Q9H6F5,Q9H6F5,CCD86,360
Q96B26,Q96B26,EXOS8,276
Q8NEJ9,Q8NEJ9,NGDN,315
Q13206,Q13206,DDX10,875
P61011,P61011,SRP54,504
P09132,P09132,SRP19,144
O96028,O96028,NSD2,1365
O95260,O95260,ATE1,518
O76094,O76094,SRP72,671
O00566,O00566,MPP10,681
P35556,P35556,FBN2,2912
Q9UBX5,Q9UBX5,FBLN5,448
Q9NZL9,Q9NZL9,MAT2B,334
Q9BVL2,Q9BVL2,NUP58,599
Q99567,Q99567,NUP88,741
Q96F45,Q96F45,ZN503,646
Q8TD19,Q8TD19,NEK9,979
Q8N0X7,Q8N0X7,SPART,666
Q86YT6,Q86YT6,MIB1,1006
Q15056,Q15056,IF4H,248
P37198,P37198,NUP62,522
P35658,P35658,NU214,2090
P35555,P35555,FBN1,2871
P13984,P13984,T2FB,249
P60228,P60228,EIF3E,445
P35251,P35251,RFC1,1148
Q9BZE4,Q9BZE4,NOG1,634
O00411,O00411,RPOM,1230
Q9UNQ2,Q9UNQ2,DIM1,313
Q06787,Q06787,FMR1,632
P19105,P19105,ML12A,171
P35250,P35250,RFC2,354
Q9NXF1,Q9NXF1,TEX10,929
Q9H5H4,Q9H5H4,ZN768,540
Q9UHX1,Q9UHX1,PUF60,559
O43660,O43660,PLRG1,514
Q7Z2T5,Q7Z2T5,TRM1L,733
O15381,O15381,NVL,856
Q9NX58,Q9NX58,LYAR,379
O43395,O43395,PRPF3,683
Q13610,Q13610,PWP1,501
Q9UKD2,Q9UKD2,MRT4,239
Q9UJV9,Q9UJV9,DDX41,622
Q13523,Q13523,PRP4B,1007
P42696,P42696,RBM34,430
O95104,O95104,SCAF4,1147
Q8N5C6,Q8N5C6,SRBD1,995
Q9GZR7,Q9GZR7,DDX24,859
Q12788,Q12788,TBL3,808
Q9HC36,Q9HC36,MRM3,420
P30043,P30043,BLVRB,206
P22234,P22234,PUR6,425
P62140,P62140,PP1B,327
P00338,P00338,LDHA,332
Q07021,Q07021,C1QBP,282
O00148,O00148,DX39A,427
Q15942,Q15942,ZYX,572
Q92945,Q92945,FUBP2,711
P67936,P67936,TPM4,248
P06753,P06753,TPM3,285
P04075,P04075,ALDOA,364
P46109,P46109,CRKL,303
P47755,P47755,CAZA2,286
P49327,P49327,FAS,2511
Q9NWT1,Q9NWT1,PK1IP,392
Q9H0D6,Q9H0D6,XRN2,950
P0DN76,P0DN76,U2AF5,240
Q15024,Q15024,EXOS7,291
Q99848,Q99848,EBP2,306
Q13243,Q13243,SRSF5,272
O60293,O60293,ZC3H1,1989
Q8N9T8,Q8N9T8,KRI1,703
Q5SSJ5,Q5SSJ5,HP1B3,553
Q14137,Q14137,BOP1,746
Q92974,Q92974,ARHG2,986
Q86TG7,Q86TG7,PEG10,708
P15622,P15622,ZN250,560
Q9H3R2,Q9H3R2,MUC13,512
O60524,O60524,NEMF,1076
P51690,P51690,ARSL,589
O75354,O75354,ENTP6,484
Q5VW36,Q5VW36,FOCAD,1801
Q15751,Q15751,HERC1,4861
Q9BYW2,Q9BYW2,SETD2,2564
P42226,P42226,STAT6,847
P00846,P00846,ATP6,226
O43264,O43264,ZW10,779
Q9UPQ8,Q9UPQ8,DOLK,538
Q96B96,Q96B96,LDAF1,161
Q9Y5Z9,Q9Y5Z9,UBIA1,338
Q9Y3P4,Q9Y3P4,RHBD3,386
Q9P0I2,Q9P0I2,EMC3,261
Q9NWS8,Q9NWS8,RMND1,449
Q9NUT2,Q9NUT2,MITOS,735
Q9H490,Q9H490,PIGU,435
Q9H2J7,Q9H2J7,S6A15,730
Q9C0H2,Q9C0H2,TTYH3,523
Q9BVG9,Q9BVG9,PTSS2,487
Q9BSR8,Q9BSR8,YIPF4,244
Q9BRR6,Q9BRR6,ADPGK,497
Q96S52,Q96S52,PIGS,555
Q96HV5,Q96HV5,TM41A,264
Q96GC9,Q96GC9,VMP1,406
Q96G23,Q96G23,CERS2,380
Q96ES6,Q96ES6,MFSD3,412
Q96CP7,Q96CP7,TLCD1,247
Q969E2,Q969E2,SCAM4,229
Q92536,Q92536,YLAT2,515
Q8WY22,Q8WY22,BRI3B,251
Q8WVQ1,Q8WVQ1,CANT1,401
Q8WUD6,Q8WUD6,CHPT1,406
Q8N357,Q8N357,S35F6,371
Q8N0U8,Q8N0U8,VKORL,176
Q6Y1H2,Q6Y1H2,HACD2,254
Q6P1A2,Q6P1A2,MBOA5,487
Q5UCC4,Q5UCC4,EMC10,262
Q5J8M3,Q5J8M3,EMC4,183
Q5HYI8,Q5HYI8,RABL3,236
Q15800,Q15800,MSMO1,293
Q15392,Q15392,DHC24,516
Q15125,Q15125,EBP,230
Q15043,Q15043,S39AE,492
Q15006,Q15006,EMC2,297
P58658,P58658,EVA1C,441
P56381,P56381,ATP5E,51
P30049,P30049,ATPD,168
P28328,P28328,PEX2,305
P28068,P28068,DMB,263
P24539,P24539,AT5F1,256
P04114,P04114,APOB,4563
P04035,P04035,HMDH,888
P03905,P03905,NU4M,459
O76024,O76024,WFS1,890
O75947,O75947,ATP5H,161
O60779,O60779,S19A2,497
O43402,O43402,EMC8,210
O43292,O43292,GPAA1,621
O00400,O00400,ACATN,549
B7ZAQ6,B7ZAQ6,GPHRA,455
Q9UBQ5,Q9UBQ5,EIF3K,218
Q96CT7,Q96CT7,CC124,223
O15372,O15372,EIF3H,352
Q7L2H7,Q7L2H7,EIF3M,374
Q13347,Q13347,EIF3I,325
P41091,P41091,IF2G,472
P61221,P61221,ABCE1,599
Q99613,Q99613,EIF3C,913
Q9BVQ7,Q9BVQ7,SPA5L,753
O75564,O75564,JERKY,556
O14972,O14972,VP26C,297
Q96LT9,Q96LT9,RNPC3,517
Q9Y6G5,Q9Y6G5,COMDA,202
Q9Y2K2,Q9Y2K2,SIK3,1321
Q9Y2D8,Q9Y2D8,ADIP,614
Q9UN81,Q9UN81,LORF1,338
Q9UKF6,Q9UKF6,CPSF3,684
Q9UHP3,Q9UHP3,UBP25,1055
Q9UBI1,Q9UBI1,COMD3,195
Q9P2S5,Q9P2S5,WRP73,460
Q9P2D0,Q9P2D0,IBTK,1353
Q9P000,Q9P000,COMD9,198
Q9NX08,Q9NX08,COMD8,183
Q9NVH2,Q9NVH2,INT7,962
Q9H4B6,Q9H4B6,SAV1,383
Q9H000,Q9H000,MKRN2,416
Q9GZQ3,Q9GZQ3,COMD5,224
Q96II8,Q96II8,LRCH3,777
Q96HP0,Q96HP0,DOCK6,2047
Q8N668,Q8N668,COMD1,190
Q86X10,Q86X10,RLGPB,1494
Q86W92,Q86W92,LIPB1,1011
Q86SQ0,Q86SQ0,PHLB2,1253
Q7Z4G1,Q7Z4G1,COMD6,85
Q7Z3J2,Q7Z3J2,VP35L,963
Q6ZWJ1,Q6ZWJ1,STXB4,553
Q6ZU80,Q6ZU80,CE128,1094
Q6IEG0,Q6IEG0,SNR48,339
Q6GYQ0,Q6GYQ0,RGPA1,2036
Q63ZY3,Q63ZY3,KANK2,851
Q5VUJ6,Q5VUJ6,LRCH2,765
Q5SZL2,Q5SZL2,CE85L,805
Q5SVZ6,Q5SVZ6,ZMYM1,1142
Q567U6,Q567U6,CCD93,631
Q53EZ4,Q53EZ4,CEP55,464
Q15345,Q15345,LRC41,812
Q13049,Q13049,TRI32,653
Q13043,Q13043,STK4,487
Q12923,Q12923,PTN13,2485
Q05086,Q05086,UBE3A,875
P51530,P51530,DNA2,1060
P28838,P28838,AMPL,519
O95754,O95754,SEM4F,770
O95714,O95714,HERC2,4834
O75665,O75665,OFD1,1012
O75382,O75382,TRIM3,744
O60826,O60826,CCD22,627
O43933,O43933,PEX1,1283
O75348,O75348,VATG1,118
P31942,P31942,HNRH3,346
Q14258,Q14258,TRI25,630
Q6FI13,Q6FI13,H2A2A,130
Q7L2E3,Q7L2E3,DHX30,1194
Q9NZI8,Q9NZI8,IF2B1,577
Q7Z434,Q7Z434,MAVS,540
O95786,O95786,DDX58,925
Q86WV6,Q86WV6,STING,379
Q9UKA9,Q9UKA9,PTBP2,531
Q9P0L2,Q9P0L2,MARK1,795
Q9H773,Q9H773,DCTP1,170
Q9H2P9,Q9H2P9,DPH5,285
Q7KZI7,Q7KZI7,MARK2,788
P27448,P27448,MARK3,753
O94826,O94826,TOM70,608
O43633,O43633,CHM2A,222
O14745,O14745,NHRF1,358
P62158,P0DP23,CALM1,149
P62158,P0DP24,CALM2,149
P62158,P0DP25,CALM3,149
P29966,P29966,MARCS,332
P61224,P61224,RAP1B,184
P29373,P29373,RABP2,138
Q9Y3A6,Q9Y3A6,TMED5,229
Q2PZI1,Q2PZI1,D19L1,675
Q9Y6M9,Q9Y6M9,NDUB9,179
Q9Y375,Q9Y375,CIA30,327
Q9Y276,Q9Y276,BCS1,419
Q9H845,Q9H845,ACAD9,621
Q9H3K2,Q9H3K2,GHITM,345
Q9GZU3,Q9GZU3,TM39B,492
Q9BVK2,Q9BVK2,ALG8,526
Q9BQ95,Q9BQ95,ECSIT,431
Q96K12,Q96K12,FACR2,515
Q8TEQ8,Q8TEQ8,PIGO,1089
Q86VR2,Q86VR2,RETR3,466
Q7Z2K6,Q7Z2K6,ERMP1,904
Q6NXT6,Q6NXT6,TAPT1,567
Q6NXT4,Q6NXT4,ZNT6,461
Q5BJF2,Q5BJF2,SGMR2,176
Q12770,Q12770,SCAP,1279
P55085,P55085,PAR2,397
P33527,P33527,MRP1,1531
O00124,O00124,UBXN8,270
Q9BUQ8,Q9BUQ8,DDX23,820
Q58FF8,Q58FF8,H90B2,381
P31948,P31948,STIP1,543
P09874,P09874,PARP1,1014
P06493,P06493,CDK1,297
Q14739,Q14739,LBR,615
P10155,P10155,RO60,538
B4E022,B4E022,B4E022,576
P15822,P15822,ZEP1,2718
P19429,P19429,TNNI3,210
P21912,P21912,SDHB,280
P56134,P56134,ATPK,94
Q07065,Q07065,CKAP4,602
Q12996,Q12996,CSTF3,717
Q13227,Q13227,GPS2,327
Q5SXM2,Q5SXM2,SNPC4,1469
Q5XKP0,Q5XKP0,MIC13,118
Q8WUK0,Q8WUK0,PTPM1,201
Q9H1D9,Q9H1D9,RPC6,316
Q9UBW7,Q9UBW7,ZMYM2,1377
Q9Y692,Q9Y692,GMEB1,573
Q9Y6X2,Q9Y6X2,PIAS3,628
Q8WTT2,Q8WTT2,NOC3L,800
Q9H2V7,Q9H2V7,SPNS1,528
Q9NRK6,Q9NRK6,ABCBA,738
Q9H6K4,Q9H6K4,OPA3,179
Q96SQ9,Q96SQ9,CP2S1,504
Q96GQ5,Q96GQ5,RUSF1,468
Q8IXL6,Q8IXL6,FA20C,584
Q8IXK2,Q8IXK2,GLT12,581
Q86SR1,Q86SR1,GLT10,603
Q6UXV4,Q6UXV4,MIC27,268
Q53TN4,Q53TN4,CYBR1,286
Q13454,Q13454,TUSC3,348
P43304,P43304,GPDM,727
O94923,O94923,GLCE,617
O43761,O43761,SNG3,229
O43194,O43194,GPR39,453
Q9Y653,Q9Y653,AGRG1,693
Q9Y3E5,Q9Y3E5,PTH2,179
Q9Y3B3,Q9Y3B3,TMED7,224
Q9Y394,Q9Y394,DHRS7,339
Q9Y2U9,Q9Y2U9,KLDC2,406
Q9Y2U8,Q9Y2U8,MAN1,911
Q9Y2L1,Q9Y2L1,RRP44,958
Q9Y2C4,Q9Y2C4,EXOG,368
Q9Y284,Q9Y284,ASTER,106
Q9Y227,Q9Y227,ENTP4,616
Q9UNS1,Q9UNS1,TIM,1208
Q9UKM7,Q9UKM7,MA1B1,699
Q9UHJ9,Q9UHJ9,PGAP2,254
Q9UGQ3,Q9UGQ3,GTR6,507
Q9UG56,Q9UG56,PISD,409
Q9UDX5,Q9UDX5,MTFP1,166
Q9UBV7,Q9UBV7,B4GT7,327
Q9NZT1,Q9NZT1,CALL5,146
Q9NYP7,Q9NYP7,ELOV5,299
Q9NYG2,Q9NYG2,ZDHC3,299
Q9NXK6,Q9NXK6,PAQR5,330
Q9NX14,Q9NX14,NDUBB,153
Q9NWD8,Q9NWD8,TM248,314
Q9NUE0,Q9NUE0,ZDH18,388
Q9NU53,Q9NU53,GINM1,330
Q9NRZ7,Q9NRZ7,PLCC,376
Q9NRP0,Q9NRP0,OSTC,149
Q9NRC1,Q9NRC1,ST7,585
Q9NP73,Q9NP73,ALG13,1137
Q9HD45,Q9HD45,TM9S3,589
Q9HCU4,Q9HCU4,CELR2,2923
Q9HBM0,Q9HBM0,VEZA,779
Q9HBH5,Q9HBH5,RDH14,336
Q9H9S5,Q9H9S5,FKRP,495
Q9H8Y8,Q9H8Y8,GORS2,452
Q9H7M9,Q9H7M9,VISTA,311
Q9H6V9,Q9H6V9,LDAH,325
Q9H6R6,Q9H6R6,ZDHC6,413
Q9H5J4,Q9H5J4,ELOV6,265
Q9H3N1,Q9H3N1,TMX1,280
Q9H1C4,Q9H1C4,UN93B,597
Q9H0P0,Q9H0P0,5NT3A,336
Q9BZ76,Q9BZ76,CNTP3,1288
Q9BYC5,Q9BYC5,FUT8,575
Q9BXT2,Q9BXT2,CCG6,260
Q9BXB1,Q9BXB1,LGR4,951
Q9BX95,Q9BX95,SGPP1,441
Q9BX79,Q9BX79,STRA6,667
Q9BW72,Q9BW72,HIG2A,106
Q9BVX2,Q9BVX2,T106C,250
Q9BVK6,Q9BVK6,TMED9,235
Q9BUP3,Q9BUP3,HTAI2,242
Q9BUB7,Q9BUB7,TMM70,260
Q9BTX1,Q9BTX1,NDC1,674
Q9BRX8,Q9BRX8,PXL2A,229
Q99595,Q99595,TI17A,171
Q99541,Q99541,PLIN2,437
Q99523,Q99523,SORT,831
Q99500,Q99500,S1PR3,378
Q96QD8,Q96QD8,S38A2,506
Q96MV1,Q96MV1,TLCD4,263
Q96MH6,Q96MH6,TMM68,324
Q96LT4,Q96LT4,SAMD8,415
Q96L58,Q96L58,B3GT6,329
Q96HA4,Q96HA4,CA159,380
Q96G97,Q96G97,BSCL2,398
Q96F25,Q96F25,ALG14,216
Q96ET8,Q96ET8,TV23C,276
Q96D31,Q96D31,CRCM1,301
Q96BW9,Q96BW9,TAM41,452
Q96AJ9,Q96AJ9,VTI1A,217
Q96AD5,Q96AD5,PLPL2,504
Q969V5,Q969V5,MUL1,352
Q92968,Q92968,PEX13,403
Q92797,Q92797,SYMPK,1274
Q92633,Q92633,LPAR1,364
Q92629,Q92629,SGCD,289
Q92544,Q92544,TM9S4,642
Q8WZA1,Q8WZA1,PMGT1,660
Q8WVM8,Q8WVM8,SCFD1,642
Q8WV83,Q8WV83,S35F5,523
Q8WTS1,Q8WTS1,ABHD5,349
Q8TED1,Q8TED1,GPX8,209
Q8TDX6,Q8TDX6,CGAT1,532
Q8TD43,Q8TD43,TRPM4,1214
Q8TBM7,Q8TBM7,TM254,123
Q8TBA6,Q8TBA6,GOGA5,731
Q8TAD4,Q8TAD4,ZNT5,765
Q8NHS3,Q8NHS3,MFSD8,518
Q8NG11,Q8NG11,TSN14,270
Q8NCH0,Q8NCH0,CHSTE,376
Q8NCG7,Q8NCG7,DGLB,672
Q8NC44,Q8NC44,RETR2,543
Q8NBN3,Q8NBN3,TM87A,555
Q8NBJ4,Q8NBJ4,GOLM1,401
Q8NBI6,Q8NBI6,XXLT1,393
Q8N6M3,Q8N6M3,FITM2,262
Q8N697,Q8N697,S15A4,577
Q8N511,Q8N511,TM199,208
Q8N490,Q8N490,PNKD,385
Q8N2U0,Q8N2U0,TM256,113
Q8IY95,Q8IY95,TM192,271
Q8IVQ6,Q8IVQ6,ZDH21,265
Q8IUH4,Q8IUH4,ZDH13,622
Q86W50,Q86W50,MET16,562
Q86VL8,Q86VL8,S47A2,602
Q86UL3,Q86UL3,GPAT4,456
Q86UB9,Q86UB9,TM135,458
Q86SQ4,Q86SQ4,AGRG6,1221
Q7Z7H5,Q7Z7H5,TMED4,227
Q7RTP0,Q7RTP0,NIPA1,329
Q6ZT21,Q6ZT21,TMPPE,453
Q6ZPD9,Q6ZPD9,D19L3,716
Q6ZMJ2,Q6ZMJ2,SCAR5,495
Q6UWP7,Q6UWP7,LCLT1,414
Q6P4E1,Q6P4E1,GOLM2,436
Q6P1Q0,Q6P1Q0,LTMD1,360
Q6NUT2,Q6NUT2,D19L2,758
Q6NUQ4,Q6NUQ4,TM214,689
Q6NTF9,Q6NTF9,RHBD2,364
Q6N075,Q6N075,MFSD5,450
Q643R3,Q643R3,LPCT4,524
Q5U3C3,Q5U3C3,TM164,297
Q56VL3,Q56VL3,OCAD2,154
Q53S58,Q53S58,TM177,311
Q3SY17,Q3SY17,S2552,297
Q3MIP1,Q3MIP1,IPIL2,535
Q16678,Q16678,CP1B1,543
Q16563,Q16563,SYPL1,259
Q16394,Q16394,EXT1,746
Q15363,Q15363,TMED2,201
Q15012,Q15012,LAP4A,233
Q14728,Q14728,MFS10,455
Q14534,Q14534,ERG1,574
Q13948,Q13948,CASP,678
Q13505,Q13505,MTX1,466
Q13488,Q13488,VPP3,830
Q13190,Q13190,STX5,355
Q10472,Q10472,GALT1,559
P98187,P98187,CP4F8,520
P98172,P98172,EFNB1,346
P78382,P78382,S35A1,337
P78381,P78381,S35A2,396
P61803,P61803,DAD1,113
P61165,P61165,TM258,79
P60604,P60604,UB2G2,165
P60059,P60059,SC61G,68
P60033,P60033,CD81,236
P53367,P53367,ARFP1,373
P51572,P51572,BAP31,246
P49257,P49257,LMAN1,510
P35221,P35221,CTNA1,906
P32970,P32970,CD70,193
P32856,P32856,STX2,288
P26232,P26232,CTNA2,953
P25445,P25445,TNR6,335
P24390,P24390,ERD21,212
P17302,P17302,CXA1,382
P15514,P15514,AREG,252
P11117,P11117,PPAL,423
P10620,P10620,MGST1,155
P08240,P08240,SRPRA,638
P07954,P07954,FUMH,510
P04626,P04626,ERBB2,1255
O95870,O95870,ABHGA,558
O95832,O95832,CLD1,211
O95476,O95476,CNEP1,244
O95249,O95249,GOSR1,250
O95159,O95159,ZFPL1,310
O95150,O95150,TNF15,251
O94766,O94766,B3GA3,335
O75973,O75973,C1QRF,258
O75844,O75844,FACE1,475
O75379,O75379,VAMP4,141
O60831,O60831,PRAF2,178
O60830,O60830,TI17B,172
O60683,O60683,PEX10,326
O60238,O60238,BNI3L,219
O43909,O43909,EXTL3,919
O43505,O43505,B4GA1,415
O15321,O15321,TM9S1,606
O15270,O15270,SPTC2,562
O15155,O15155,BET1,118
O15127,O15127,SCAM2,329
O15126,O15126,SCAM1,338
O15121,O15121,DEGS1,323
O14684,O14684,PTGES,152
O14662,O14662,STX16,325
O14653,O14653,GOSR2,212
O00461,O00461,GOLI4,696
O00391,O00391,QSOX1,747
B2RUZ4,B2RUZ4,SMIM1,78
A6NNL5,A6NNL5,CO061,157
A6NGB7,A6NGB7,TM221,291
A1L3X0,A1L3X0,ELOV7,281
A0PJW6,A0PJW6,TM223,202
